Feature	RelCount
TCA TAC	4.35117056856187
TGG GGT	3.37584832195823
CCA TGG	2.64338038234769
GGT ACT	2.09842494819703
GAC TAC	1.64597564484755
GAT GAC	1.03749270563895
AAG GAG	0.888791664708861
GTA GTG	0.808476394849785
AGA TGG	0.776561043802423
TTC GGT	0.190249390825772
ACC TGG	0.15017667844523
