Feature	RelCount
CGA	4.90341753343239
GCG	4.42843465773097
TGG	2.87182281220301
GGG	2.87141812865497
TGC	2.85005325770739
AGG	2.81812422335214
GCA	2.48130673065506
AGC	2.17250602239257
GTG	2.16112635435094
ACG	2.0910912790197
ACA	2.09051734274515
GGA	2.06182344941109
GAG	2.03833092628914
CAG	1.99130324025171
GGC	1.94372412313873
CCC	1.90158625020691
CCA	1.84426110176067
CTC	1.83470120013005
CTG	1.7582253792347
AGA	1.75157049837252
GGT	1.66427555443987
TCG	1.61199993237037
AAG	1.60325385402508
GAC	1.46432952772166
CAT	1.3905267327226
TAC	1.33035411741904
ATA	1.32962685636946
AAA	1.31941516925201
GAT	1.27536928155255
TCA	1.25690230265607
CAC	1.22494298045999
CCT	1.18697580137237
GAA	1.13613286821688
GTA	1.04067550798979
CTA	1.01142881086673
CAA	0.97459463847631
ATG	0.956673097463448
CGT	0.94852950776106
CTT	0.932199733193517
AGT	0.897286292205183
TAT	0.763544818583199
TCC	0.696949289512051
TGT	0.683190675993757
TTG	0.624428138275046
ACC	0.553290563707026
GCT	0.533870191441569
ATC	0.49743367188103
AAC	0.494619421473075
ACT	0.463666867085569
TTA	0.451089555381943
GCC	0.383408468414928
AAT	0.378307702575587
TTC	0.37650940273614
GTC	0.305048109753676
TTT	0.27776876778166
TCT	0.27413728182794
ATT	0.0331192331093087
GTT	0
