AA	Codon	tRNA	tAI	Microarray	RNA.seq	A	P	E
K	AAA	7	0.431034	222273	82386	0	0	0
N	AAC	10	0.615764	378101	110849	0	0	0
K	AAG	14	1	397111	83036	0	0	0
N	AAT	6.4	0.27032	241984.64	70943.36	0	0	0
T	ACA	4	0.246373	105862	47598	0	0	0
T	ACC	7.04	0.487685	244374.4	36396.16	0	0	0
T	ACG	1	0.140394	113104	16861	0	0	0
T	ACT	11	0.67734	381835	56869	0	0	0
R	AGA	11	0.67734	683001	98864	0	0	0
Z	AGC	2	0.123153	249948	61334	0	0	0
R	AGG	1	0.278325	106890	12911	0	0	0
Z	AGT	1.28	0.054064	159966.72	39253.76	0	0	0
I	ATA	2	0.123233	54352	39556	0	0	0
I	ATC	8.32	0.576355	586391.04	67769.6	0	0	0
M	ATG	10	0.615764	266917	67121	0	0	0
I	ATT	13	0.800493	916236	105890	0	0	0
Q	CAA	9	0.554187	436225	89917	0	0	0
H	CAC	7	0.431034	727396	81702	0	0	0
Q	CAG	1	0.238916	89093	9990.777778	0	0	0
H	CAT	4.48	0.189224	465533.44	52289.28	0	0	0
P	CCA	10	0.615776	286531	112091	0	0	0
P	CCC	1.28	0.08867	36940.8	11043.84	0	0	0
P	CCG	6.4	0.197044	183379.84	71738.24	0	0	0
P	CCT	2	0.123153	57720	17256	0	0	0
R	CGA	3.66	3.7e-05	261137.95	36380.4	0	0	0
R	CGC	3.84	0.26601	273980.8	38169.6	0	0	0
R	CGG	1	0.061576	60792	15330	0	0	0
R	CGT	6	0.369458	428095	59640	0	0	0
L	CTA	3	0.184729	94608	63675	0	0	0
L	CTC	1	0.061576	63503	13613	0	0	0
L	CTG	1.92	0.059113	60549.12	40752	0	0	0
L	CTT	0.64	0.027032	40641.92	8712.32	0	0	0
E	GAA	14	0.862069	1618235	121285	0	0	0
D	GAC	16	0.985222	1789916	105539	0	0	0
E	GAG	2	0.399015	393379	8663.214286	0	0	0
D	GAT	10.24	0.432512	1145546.24	67544.96	0	0	0
A	GCA	5	0.30795	384682	26087	0	0	0
A	GCC	7.04	0.487685	136141.44	41927.04	0	0	0
A	GCG	3.2	0.098522	246196.48	16695.68	0	0	0
A	GCT	11	0.67734	212721	65511	0	0	0
G	GGA	3	0.184729	287325	61092	0	0	0
G	GGC	16	0.985222	826342	70286	0	0	0
G	GGG	2	0.182266	129338	21404	0	0	0
G	GGT	10.24	0.432512	528858.88	44983.04	0	0	0
V	GTA	2	0.123239	145923	33845	0	0	0
V	GTC	8.96	0.62069	515950.72	56675.84	0	0	0
V	GTG	2	0.162562	118162	44651	0	0	0
V	GTT	14	0.862069	806173	88556	0	0	0
Y	TAC	8	0.492611	343867	91388	0	0	0
Y	TAT	5.12	0.216256	220074.88	58488.32	0	0	0
S	TCA	3	0.184797	86913	58804	0	0	0
S	TCC	7.04	0.487685	507436.8	58654.72	0	0	0
S	TCG	1	0.12069	34793	49376	0	0	0
S	TCT	11	0.67734	792870	91648	0	0	0
C	TGC	4	0.246305	106137	84453	0	0	0
W	TGG	6	0.369458	298500	60236	0	0	0
C	TGT	2.56	0.108128	67927.68	54049.92	0	0	0
L	TTA	7	0.431034	271592	49562	0	0	0
F	TTC	10	0.615764	104391	81287	0	0	0
L	TTG	10	0.753695	709768	96605	0	0	0
F	TTT	6.4	0.27032	66810.24	52023.68	0	0	0
