AA	Codon	tRNA	tAI	Microarray	RNA.seq
K	AAA	7	0.431034	222273	82386
N	AAC	10	0.615764	378101	110849
K	AAG	14	1	397111	83036
N	AAT	6.4	0.27032	241984.64	70943.36
T	ACA	4	0.246373	105862	47598
T	ACC	7.04	0.487685	244374.4	36396.16
T	ACG	1	0.140394	113104	16861
T	ACT	11	0.67734	381835	56869
R	AGA	11	0.67734	683001	98864
Z	AGC	2	0.123153	249948	61334
R	AGG	1	0.278325	106890	12911
Z	AGT	1.28	0.054064	159966.72	39253.76
I	ATA	2	0.123233	54352	39556
I	ATC	8.32	0.576355	586391.04	67769.6
M	ATG	10	0.615764	266917	67121
I	ATT	13	0.800493	916236	105890
Q	CAA	9	0.554187	436225	89917
H	CAC	7	0.431034	727396	81702
Q	CAG	1	0.238916	89093	9990.777778
H	CAT	4.48	0.189224	465533.44	52289.28
P	CCA	10	0.615776	286531	112091
P	CCC	1.28	0.08867	36940.8	11043.84
P	CCG	6.4	0.197044	183379.84	71738.24
P	CCT	2	0.123153	57720	17256
R	CGA	3.66	3.7e-05	261137.95	36380.4
R	CGC	3.84	0.26601	273980.8	38169.6
R	CGG	1	0.061576	60792	15330
R	CGT	6	0.369458	428095	59640
L	CTA	3	0.184729	94608	63675
L	CTC	1	0.061576	63503	13613
L	CTG	1.92	0.059113	60549.12	40752
L	CTT	0.64	0.027032	40641.92	8712.32
E	GAA	14	0.862069	1618235	121285
D	GAC	16	0.985222	1789916	105539
E	GAG	2	0.399015	393379	8663.214286
D	GAT	10.24	0.432512	1145546.24	67544.96
A	GCA	5	0.30795	384682	26087
A	GCC	7.04	0.487685	136141.44	41927.04
A	GCG	3.2	0.098522	246196.48	16695.68
A	GCT	11	0.67734	212721	65511
G	GGA	3	0.184729	287325	61092
G	GGC	16	0.985222	826342	70286
G	GGG	2	0.182266	129338	21404
G	GGT	10.24	0.432512	528858.88	44983.04
V	GTA	2	0.123239	145923	33845
V	GTC	8.96	0.62069	515950.72	56675.84
V	GTG	2	0.162562	118162	44651
V	GTT	14	0.862069	806173	88556
Y	TAC	8	0.492611	343867	91388
Y	TAT	5.12	0.216256	220074.88	58488.32
S	TCA	3	0.184797	86913	58804
S	TCC	7.04	0.487685	507436.8	58654.72
S	TCG	1	0.12069	34793	49376
S	TCT	11	0.67734	792870	91648
C	TGC	4	0.246305	106137	84453
W	TGG	6	0.369458	298500	60236
C	TGT	2.56	0.108128	67927.68	54049.92
L	TTA	7	0.431034	271592	49562
F	TTC	10	0.615764	104391	81287
L	TTG	10	0.753695	709768	96605
F	TTT	6.4	0.27032	66810.24	52023.68
