AA	tRNA	Codon	GCN	w
Phe	AAA	TTT	0	0.216381
Phe	GAA	TTC	12	0.366748
Leu	TAA	TTA	7	0.213936
Leu	CAA	TTG	7	0.282396
Ser	AGA	TCT	11	0.336186
Ser	GGA	TCC	0	0.242054
Ser	TGA	TCA	5	0.152845
Ser	CGA	TCG	4	0.171149
Tyr	ATA	TAT	1	0.283007
Tyr	GTA	TAC	14	0.449878
Stop	TTA	TAA	2	1
Stop	CTA	TAG	1	1
Cys	ACA	TGT	0	0.540954
Cys	GCA	TGC	30	0.91687
Stop	TCA	TGA	 3	 1
Trp	CCA	TGG	9	0.275061
Leu	AAG	CTT	12	0.366748
Leu	GAG	CTC	0	0.264059
Leu	TAG	CTA	3	0.091724
Leu	CAG	CTG	10	0.334963
Pro	AGG	CCT	10	0.305623
Pro	GGG	CCC	0	0.220049
Pro	TGG	CCA	7	0.213967
Pro	CGG	CCG	4	0.190709
His	ATG	CAT	0	0.19835
His	GTG	CAC	11	0.336186
Gln	TTG	CAA	11	0.336186
Gln	CTG	CAG	21	0.749389
Arg	ACG	CGT	7	0.213936
Arg	GCG	CGC	0	0.154034
Arg	TCG	CGA	6	0.183395
Arg	CCG	CGG	5	0.211491
Ile	AAT	ATT	14	0.572127
Ile	GAT	ATC	8	0.552567
Ile	TAT	ATA	5	0.152855
Met	CAT	ATG	20	0.611247
Thr	AGT	ACT	10	0.305623
Thr	GGT	ACC	0	0.220049
Thr	TGT	ACA	6	0.183405
Thr	CGT	ACG	6	0.242054
Asn	ATT	AAT	1	0.607579
Asn	GTT	AAC	32	1
Lys	TTT	AAA	17	0.519563
Lys	CTT	AAG	17	0.685819
Ser	ACT	AGT	0	0.144254
Ser	GCT	AGC	8	0.244499
Arg	TCT	AGA	6	0.183374
Arg	CCT	AGG	5	0.211491
Val	AAC	GTT	11	0.336186
Val	GAC	GTC	0	0.242054
Val	TAC	GTA	5	0.152845
Val	CAC	GTG	16	0.537897
Ala	AGC	GCT	29	0.886308
Ala	GGC	GCC	0	0.638142
Ala	TGC	GCA	9	0.27515
Ala	CGC	GCG	5	0.240831
Asp	ATC	GAT	0	0.342604
Asp	GTC	GAC	19	0.580685
Glu	TTC	GAA	13	0.397311
Glu	CTC	GAG	13	0.52445
Gly	ACC	GGT	0	0.270477
Gly	GCC	GGC	15	0.458435
Gly	TCC	GGA	9	0.275061
Gly	CCC	GGG	7	0.301956
